Código,Categoría / Pais,Descripción,En Inventario,Repetidas,Grupos
FWC-00,Especiales,Sello Panini,FALSE,0,Especiales
FWC-1,Especiales,Copa del Mundo,FALSE,0,Especiales
FWC-2,Especiales,Mascota 1,FALSE,0,Especiales
FWC-3,Especiales,Mascota 2,FALSE,0,Especiales
FWC-4,Especiales,Balón,FALSE,0,Especiales
FWC-5,Especiales,Logo,FALSE,0,Especiales
FWC-6,Especiales,Especial 6,FALSE,0,Especiales
FWC-7,Especiales,Especial 7,FALSE,0,Especiales
FWC-8,Especiales,Especial 8,FALSE,0,Especiales
FWC-9,Especiales,Especial 9,FALSE,0,Especiales
FWC-10,Especiales,Especial 10,FALSE,0,Especiales
FWC-11,Especiales,Especial 11,FALSE,0,Especiales
FWC-12,Especiales,Especial 12,FALSE,0,Especiales
FWC-13,Especiales,Especial 13,FALSE,0,Especiales
FWC-14,Especiales,Especial 14,FALSE,0,Especiales
FWC-15,Especiales,Especial 15,FALSE,0,Especiales
FWC-16,Especiales,Especial 16,FALSE,0,Especiales
FWC-17,Especiales,Especial 17,FALSE,0,Especiales
FWC-18,Especiales,Especial 18,FALSE,0,Especiales
FWC-19,Especiales,Especial 19,FALSE,0,Especiales
MEX-1,MÉXICO,ESCUDO DE MÉXICO,FALSE,0,Grupo A
MEX-2,MÉXICO,LUIS MALAGÓN,FALSE,0,Grupo A
MEX-3,MÉXICO,JOHAN VÁSQUEZ,FALSE,0,Grupo A
MEX-4,MÉXICO,JORGE SÁNCHEZ,FALSE,0,Grupo A
MEX-5,MÉXICO,CÉSAR MONTES,FALSE,0,Grupo A
MEX-6,MÉXICO,JESÚS GALLARDO,FALSE,0,Grupo A
MEX-7,MÉXICO,ISRAEL REYES,FALSE,0,Grupo A
MEX-8,MÉXICO,DIEGO LAINEZ,FALSE,0,Grupo A
MEX-9,MÉXICO,CARLOS RODRÍGUEZ,FALSE,0,Grupo A
MEX-10,MÉXICO,EDSON ÁLVAREZ,FALSE,0,Grupo A
MEX-11,MÉXICO,ORBELÍN PINEDA,FALSE,0,Grupo A
MEX-12,MÉXICO,MARCEL RUÍZ,FALSE,0,Grupo A
MEX-13,MÉXICO,SELECCION MEXICANA DE FÚTBOL,FALSE,0,Grupo A
MEX-14,MÉXICO,ERICK SÁNCHEZ,FALSE,0,Grupo A
MEX-15,MÉXICO,HIRVING LOZANO,FALSE,0,Grupo A
MEX-16,MÉXICO,SANTIAGO GIMÉNEZ,FALSE,0,Grupo A
MEX-17,MÉXICO,RAÚL JIMÉNEZ,FALSE,0,Grupo A
MEX-18,MÉXICO,ALEXIS VEGA,FALSE,0,Grupo A
MEX-19,MÉXICO,ROBERTO ALVARADO,FALSE,0,Grupo A
MEX-20,MÉXICO,CÉSAR HUERTA,FALSE,0,Grupo A
RSA-1,SUDÁFRICA,ESCUDO DE SUDÁFRICA,FALSE,0,Grupo A
RSA-2,SUDÁFRICA,RONWEN WILLIAMS,FALSE,0,Grupo A
RSA-3,SUDÁFRICA,SIPHO CHAINE,FALSE,0,Grupo A
RSA-4,SUDÁFRICA,AUBREY MODIBA,FALSE,0,Grupo A
RSA-5,SUDÁFRICA,SAMUKELE KABINI,FALSE,0,Grupo A
RSA-6,SUDÁFRICA,MBEKEZLI MBOKAZI,FALSE,0,Grupo A
RSA-7,SUDÁFRICA,KHULUMANI NDAMANE,FALSE,0,Grupo A
RSA-8,SUDÁFRICA,SIVABONGA NGEZANA,FALSE,0,Grupo A
RSA-9,SUDÁFRICA,KHULISO MUDAU,FALSE,0,Grupo A
RSA-10,SUDÁFRICA,NKOSINATHI SIBISI,FALSE,0,Grupo A
RSA-11,SUDÁFRICA,TEBOHO MOKOENA,FALSE,0,Grupo A
RSA-12,SUDÁFRICA,THALENTE MBATHA,FALSE,0,Grupo A
RSA-13,SUDÁFRICA,SELECCION SUDAFRICANA DE FUTBOL,FALSE,0,Grupo A
RSA-14,SUDÁFRICA,BATHUSI AUBAAS,FALSE,0,Grupo A
RSA-15,SUDÁFRICA,VAYA SITHOLE,FALSE,0,Grupo A
RSA-16,SUDÁFRICA,SIPHO MBULE,FALSE,0,Grupo A
RSA-17,SUDÁFRICA,LYLE FOSTER,FALSE,0,Grupo A
RSA-18,SUDÁFRICA,IORAAM RAVNERS,FALSE,0,Grupo A
RSA-19,SUDÁFRICA,MOHAU NKOTA,FALSE,0,Grupo A
RSA-20,SUDÁFRICA,OSWIN APOLLIS,FALSE,0,Grupo A
KOR-1,COREA DEL SUR,ESCUDO DE COREA DEL SUR,FALSE,0,Grupo A
KOR-2,COREA DEL SUR,HYEONWOO JO,FALSE,0,Grupo A
KOR-3,COREA DEL SUR,SEUNGGYU KIM,FALSE,0,Grupo A
KOR-4,COREA DEL SUR,MIJNAE KIM,FALSE,0,Grupo A
KOR-5,COREA DEL SUR,YUMIN CHO,FALSE,0,Grupo A
KOR-6,COREA DEL SUR,YOUNGWOO SEOL,FALSE,0,Grupo A
KOR-7,COREA DEL SUR,HANBEOM LEE,FALSE,0,Grupo A
KOR-8,COREA DEL SUR,TAESEOK LEE,FALSE,0,Grupo A
KOR-9,COREA DEL SUR,MUYNGJAE LEE,FALSE,0,Grupo A
KOR-10,COREA DEL SUR,JAESUNG LEE,FALSE,0,Grupo A
KOR-11,COREA DEL SUR,INBEOM HWANG,FALSE,0,Grupo A
KOR-12,COREA DEL SUR,KANGIN LEE,FALSE,0,Grupo A
KOR-13,COREA DEL SUR,SELECCION NACIONAL DE COREA DEL SUR,FALSE,0,Grupo A
KOR-14,COREA DEL SUR,SEUNGHO PAIK,FALSE,0,Grupo A
KOR-15,COREA DEL SUR,JENS CASTROP,FALSE,0,Grupo A
KOR-16,COREA DEL SUR,DONGGYEONG LEE,FALSE,0,Grupo A
KOR-17,COREA DEL SUR,GUESUNG CHO,FALSE,0,Grupo A
KOR-18,COREA DEL SUR,HEUNGMIN SON,FALSE,0,Grupo A
KOR-19,COREA DEL SUR,HEECHAN HWANG,FALSE,0,Grupo A
KOR-20,COREA DEL SUR,HYEONGYU OH,FALSE,0,Grupo A
CZE-1,REPÚBLICA CHECA,ESCUDO DE CHEQUIA,FALSE,0,Grupo A
CZE-2,REPÚBLICA CHECA,MATEJ KOVAR,FALSE,0,Grupo A
CZE-3,REPÚBLICA CHECA,JINDRICH STANEK,FALSE,0,Grupo A
CZE-4,REPÚBLICA CHECA,LADISLAV KREJCI,FALSE,0,Grupo A
CZE-5,REPÚBLICA CHECA,VLADIMIR COUFAL,FALSE,0,Grupo A
CZE-6,REPÚBLICA CHECA,JAROSLAV ZELENY,FALSE,0,Grupo A
CZE-7,REPÚBLICA CHECA,TOMAS HOLES,FALSE,0,Grupo A
CZE-8,REPÚBLICA CHECA,DAVID ZIMA,FALSE,0,Grupo A
CZE-9,REPÚBLICA CHECA,MICHAL SADILEK,FALSE,0,Grupo A
CZE-10,REPÚBLICA CHECA,LUKAS PROVOD,FALSE,0,Grupo A
CZE-11,REPÚBLICA CHECA,LUKAS CERV,FALSE,0,Grupo A
CZE-12,REPÚBLICA CHECA,TOMAS SOUCEK,FALSE,0,Grupo A
CZE-13,REPÚBLICA CHECA,SELECCION NACIONAL DE REPÚBLICA CHECA,FALSE,0,Grupo A
CZE-14,REPÚBLICA CHECA,PAVEL SULC,FALSE,0,Grupo A
CZE-15,REPÚBLICA CHECA,MATEJ VYDRA,FALSE,0,Grupo A
CZE-16,REPÚBLICA CHECA,VASIL KUSEJ,FALSE,0,Grupo A
CZE-17,REPÚBLICA CHECA,TOMAS CHORY,FALSE,0,Grupo A
CZE-18,REPÚBLICA CHECA,VACLAV CHERNY,FALSE,0,Grupo A
CZE-19,REPÚBLICA CHECA,ADAM HLOZEK,FALSE,0,Grupo A
CZE-20,REPÚBLICA CHECA,PATRICK SHICK,FALSE,0,Grupo A
CAN-1,CANADÁ,ESCUDO DE CANADA,FALSE,0,Grupo B
CAN-2,CANADÁ,DAYNE ST. CLAIR,FALSE,0,Grupo B
CAN-3,CANADÁ,ALPHONSO DAVIES,FALSE,0,Grupo B
CAN-4,CANADÁ,ALISTAIR JOHNSTON,FALSE,0,Grupo B
CAN-5,CANADÁ,SAMUEL ADEKUGBE,FALSE,0,Grupo B
CAN-6,CANADÁ,RICHIE LARVEA,FALSE,0,Grupo B
CAN-7,CANADÁ,DEREK CORNELIUS,FALSE,0,Grupo B
CAN-8,CANADÁ,MOISE BOMBITO,FALSE,0,Grupo B
CAN-9,CANADÁ,KAMAL MILLER,FALSE,0,Grupo B
CAN-10,CANADÁ,STEPHEN EUSTAQUIO,FALSE,0,Grupo B
CAN-11,CANADÁ,ISMAEL KONE,FALSE,0,Grupo B
CAN-12,CANADÁ,JONATHAN OSORIO,FALSE,0,Grupo B
CAN-13,CANADÁ,SELECCION CANADIENSE DE FUTBOL,FALSE,0,Grupo B
CAN-14,CANADÁ,JACOB SHAFFELBURG,FALSE,0,Grupo B
CAN-15,CANADÁ,MATHIEU CHOINIERE,FALSE,0,Grupo B
CAN-16,CANADÁ,NIKO SIGUR,FALSE,0,Grupo B
CAN-17,CANADÁ,TAJON BUCHANAN,FALSE,0,Grupo B
CAN-18,CANADÁ,LIAM MILLAR,FALSE,0,Grupo B
CAN-19,CANADÁ,CYLE LARIN,FALSE,0,Grupo B
CAN-20,CANADÁ,JONATHAN DAVID,FALSE,0,Grupo B
BIH-1,BOSNIA Y HERZEGOVINA,ESCUDO DE BOSNIA Y HERZEGOVINA,FALSE,0,Grupo B
BIH-2,BOSNIA Y HERZEGOVINA,NIKOLA VASILJ,FALSE,0,Grupo B
BIH-3,BOSNIA Y HERZEGOVINA,AMAR DEDIC,FALSE,0,Grupo B
BIH-4,BOSNIA Y HERZEGOVINA,SEAD KOLASINAC,FALSE,0,Grupo B
BIH-5,BOSNIA Y HERZEGOVINA,TARIK MUHAREMOVIC,FALSE,0,Grupo B
BIH-6,BOSNIA Y HERZEGOVINA,NIIHAD MUJAKIC,FALSE,0,Grupo B
BIH-7,BOSNIA Y HERZEGOVINA,NICOLA KATIC,FALSE,0,Grupo B
BIH-8,BOSNIA Y HERZEGOVINA,AMIR HADZIAHMETOVIC,FALSE,0,Grupo B
BIH-9,BOSNIA Y HERZEGOVINA,BENJAMIN TAHIROVIC,FALSE,0,Grupo B
BIH-10,BOSNIA Y HERZEGOVINA,ARMIN GIGOVIC,FALSE,0,Grupo B
BIH-11,BOSNIA Y HERZEGOVINA,IVAN SUNJIC,FALSE,0,Grupo B
BIH-12,BOSNIA Y HERZEGOVINA,IVAN BASIC,FALSE,0,Grupo B
BIH-13,BOSNIA Y HERZEGOVINA,SELECCION DE FUTBOL DE BOSNIA HERZEGOVINA,FALSE,0,Grupo B
BIH-14,BOSNIA Y HERZEGOVINA,DZENIS BURNIC,FALSE,0,Grupo B
BIH-15,BOSNIA Y HERZEGOVINA,ESMIR BAJRAKTAREVIC,FALSE,0,Grupo B
BIH-16,BOSNIA Y HERZEGOVINA,AMAR MEMIC,FALSE,0,Grupo B
BIH-17,BOSNIA Y HERZEGOVINA,ERMEDIN DEMIROVIC,FALSE,0,Grupo B
BIH-18,BOSNIA Y HERZEGOVINA,EDIN DZEKO,FALSE,0,Grupo B
BIH-19,BOSNIA Y HERZEGOVINA,SAMED BAZDAR,FALSE,0,Grupo B
BIH-20,BOSNIA Y HERZEGOVINA,HARIS TABAKOVIC,FALSE,0,Grupo B
QAT-1,CATAR,ESCUDO DE CATAR,FALSE,0,Grupo B
QAT-2,CATAR,MESHAAL BARSHAM,FALSE,0,Grupo B
QAT-3,CATAR,SULTAN ALBRAKE,FALSE,0,Grupo B
QAT-4,CATAR,LUCAS MENDES,FALSE,0,Grupo B
QAT-5,CATAR,HOMAM AHMED,FALSE,0,Grupo B
QAT-6,CATAR,BOUALEM KHOUKHI,FALSE,0,Grupo B
QAT-7,CATAR,PEDRO MIGUEL,FALSE,0,Grupo B
QAT-8,CATAR,TAREK SALMAN,FALSE,0,Grupo B
QAT-9,CATAR,MOHAMMED MANNAI,FALSE,0,Grupo B
QAT-10,CATAR,KARIM BOUDIAF,FALSE,0,Grupo B
QAT-11,CATAR,ASSIM MADIBO,FALSE,0,Grupo B
QAT-12,CATAR,HAMED FATEHI,FALSE,0,Grupo B
QAT-13,CATAR,SELECCION NACIONAL DE QATAR,FALSE,0,Grupo B
QAT-14,CATAR,MOHAMMED WAAD,FALSE,0,Grupo B
QAT-15,CATAR,ABDULAZIZ HATEM,FALSE,0,Grupo B
QAT-16,CATAR,HASSAN AL-HAVDOS,FALSE,0,Grupo B
QAT-17,CATAR,EDMILSON JUNIOR,FALSE,0,Grupo B
QAT-18,CATAR,AKRAM HASSAN AFIF,FALSE,0,Grupo B
QAT-19,CATAR,AHMED AL-GANEHI,FALSE,0,Grupo B
QAT-20,CATAR,ALMOEZ ALI,FALSE,0,Grupo B
SUI-1,SUIZA,ESCUDO DE SUIZA,FALSE,0,Grupo B
SUI-2,SUIZA,GREGOR KOBEL,FALSE,0,Grupo B
SUI-3,SUIZA,YVON MVOGO,FALSE,0,Grupo B
SUI-4,SUIZA,MANUEL AKANJI,FALSE,0,Grupo B
SUI-5,SUIZA,RICARDO RODRIGUEZ,FALSE,0,Grupo B
SUI-6,SUIZA,NICO ELVEDI,FALSE,0,Grupo B
SUI-7,SUIZA,AURELE AMENDA,FALSE,0,Grupo B
SUI-8,SUIZA,SILVAN WIDMER,FALSE,0,Grupo B
SUI-9,SUIZA,GRANIT XHAKA,FALSE,0,Grupo B
SUI-10,SUIZA,DENIS ZAKARIA,FALSE,0,Grupo B
SUI-11,SUIZA,REMO FREULER,FALSE,0,Grupo B
SUI-12,SUIZA,FABIAN RIEDER,FALSE,0,Grupo B
SUI-13,SUIZA,SELECCION NACIONAL DE SUIZA,FALSE,0,Grupo B
SUI-14,SUIZA,AARON JASHARI,FALSE,0,Grupo B
SUI-15,SUIZA,JOHAN MANZAMBI,FALSE,0,Grupo B
SUI-16,SUIZA,MICHEL AEBISCHER,FALSE,0,Grupo B
SUI-17,SUIZA,BREEL EMBOLO,FALSE,0,Grupo B
SUI-18,SUIZA,RUBEN VARGAS,FALSE,0,Grupo B
SUI-19,SUIZA,DAN NDOVE,FALSE,0,Grupo B
SUI-20,SUIZA,ZEKI AMDOUNI,FALSE,0,Grupo B
BRA-1,BRASIL,ESCUDO DE BRASIL,FALSE,0,Grupo C
BRA-2,BRASIL,ALISSON,FALSE,0,Grupo C
BRA-3,BRASIL,BENTO,FALSE,0,Grupo C
BRA-4,BRASIL,MARQUINOS,FALSE,0,Grupo C
BRA-5,BRASIL,EDER MILITAO,FALSE,0,Grupo C
BRA-6,BRASIL,GABRIEL MAGALHAES,FALSE,0,Grupo C
BRA-7,BRASIL,DANILO,FALSE,0,Grupo C
BRA-8,BRASIL,WESLEY,FALSE,0,Grupo C
BRA-9,BRASIL,LUCAS PAQUETÁ,FALSE,0,Grupo C
BRA-10,BRASIL,CASEMIRO,FALSE,0,Grupo C
BRA-11,BRASIL,BRUNO GUIMARAES,FALSE,0,Grupo C
BRA-12,BRASIL,LUIZ HENRIQUE,FALSE,0,Grupo C
BRA-13,BRASIL,SELECCION BRASILEÑA DE FÚTBOL,FALSE,0,Grupo C
BRA-14,BRASIL,VINICIUS JUNIOR,FALSE,0,Grupo C
BRA-15,BRASIL,RODRYGO,FALSE,0,Grupo C
BRA-16,BRASIL,JOAO PEDRO,FALSE,0,Grupo C
BRA-17,BRASIL,MATHEUS CUNHA,FALSE,0,Grupo C
BRA-18,BRASIL,GABRIEL MARTINELLI,FALSE,0,Grupo C
BRA-19,BRASIL,RAPHINHA,FALSE,0,Grupo C
BRA-20,BRASIL,ESTEVAO,FALSE,0,Grupo C
MAR-1,MARRUECOS,ESCUDO DE MARRUECOS,FALSE,0,Grupo C
MAR-2,MARRUECOS,YASSINE BOUNOU,FALSE,0,Grupo C
MAR-3,MARRUECOS,MUNIR EL KAJOUR,FALSE,0,Grupo C
MAR-4,MARRUECOS,ACHRAF HAKIMI,FALSE,0,Grupo C
MAR-5,MARRUECOS,NOUSSAIR MAZRAOUI,FALSE,0,Grupo C
MAR-6,MARRUECOS,NAYEF AGUERD,FALSE,0,Grupo C
MAR-7,MARRUECOS,ROMAIN SAISS,FALSE,0,Grupo C
MAR-8,MARRUECOS,JAWAD EL YAMIQ,FALSE,0,Grupo C
MAR-9,MARRUECOS,ADAM MASINA,FALSE,0,Grupo C
MAR-10,MARRUECOS,SOFYAN AMRABAT,FALSE,0,Grupo C
MAR-11,MARRUECOS,AZZEDINE OUNAHI,FALSE,0,Grupo C
MAR-12,MARRUECOS,ELIESSE BEN SEGHIR,FALSE,0,Grupo C
MAR-13,MARRUECOS,SELECCION DE FUTBOL DE MARRUECOS,FALSE,0,Grupo C
MAR-14,MARRUECOS,BILAL EL KHANNOUSS,FALSE,0,Grupo C
MAR-15,MARRUECOS,ISMAEL SAIBARI,FALSE,0,Grupo C
MAR-16,MARRUECOS,YOUSSEF EN-NESYRI,FALSE,0,Grupo C
MAR-17,MARRUECOS,ABDE EZZALZOULI,FALSE,0,Grupo C
MAR-18,MARRUECOS,SOUFIANE RAHIMI,FALSE,0,Grupo C
MAR-19,MARRUECOS,BRAHIM DIAZ,FALSE,0,Grupo C
MAR-20,MARRUECOS,AYOUB EL KAABI,FALSE,0,Grupo C
HAI-1,HAITI,ESCUDO DE HAITI,FALSE,0,Grupo C
HAI-2,HAITI,JOHNY PLACIDE,FALSE,0,Grupo C
HAI-3,HAITI,CARLENS ARCUS,FALSE,0,Grupo C
HAI-4,HAITI,MARTIN EXPERIENCE,FALSE,0,Grupo C
HAI-5,HAITI,JEAN KEVIN DUVERNE,FALSE,0,Grupo C
HAI-6,HAITI,RICARDO ADÉ,FALSE,0,Grupo C
HAI-7,HAITI,DUKE LACROIX,FALSE,0,Grupo C
HAI-8,HAITI,GARVEN METUSALA,FALSE,0,Grupo C
HAI-9,HAITI,HANNES DEL CROIX,FALSE,0,Grupo C
HAI-10,HAITI,LEVERTON PIERRE,FALSE,0,Grupo C
HAI-11,HAITI,DANLEY JEAN JACQUES,FALSE,0,Grupo C
HAI-12,HAITI,JEAN RICNER BELLEGARDE,FALSE,0,Grupo C
HAI-13,HAITI,SELECCION NACIONAL DE HAITI,FALSE,0,Grupo C
HAI-14,HAITI,CHRISTOPHER ATTYS,FALSE,0,Grupo C
HAI-15,HAITI,DERRICK ETIENNER JR.,FALSE,0,Grupo C
HAI-16,HAITI,JOSUÉ CASIMIR,FALSE,0,Grupo C
HAI-17,HAITI,RUBEN PROVIDENCE,FALSE,0,Grupo C
HAI-18,HAITI,DUCKENS NAZON,FALSE,0,Grupo C
HAI-19,HAITI,LOUICIUS DEEDSON,FALSE,0,Grupo C
HAI-20,HAITI,FRANTZDY PIERROT,FALSE,0,Grupo C
SCO-1,ESCOCIA,ESCUDO DE ESCOCIA,FALSE,0,Grupo C
SCO-2,ESCOCIA,ANGUS GUNN,FALSE,0,Grupo C
SCO-3,ESCOCIA,JACK HENDRY,FALSE,0,Grupo C
SCO-4,ESCOCIA,KIERAN TIERNEY,FALSE,0,Grupo C
SCO-5,ESCOCIA,AARON HICKEY,FALSE,0,Grupo C
SCO-6,ESCOCIA,ANDREW ROBERTSON,FALSE,0,Grupo C
SCO-7,ESCOCIA,SCOTT MCKENNA,FALSE,0,Grupo C
SCO-8,ESCOCIA,JOHN SOUTTAR,FALSE,0,Grupo C
SCO-9,ESCOCIA,ANTHONY RALSTON,FALSE,0,Grupo C
SCO-10,ESCOCIA,GRANT HANLEY,FALSE,0,Grupo C
SCO-11,ESCOCIA,SCOTT MCTOMMINAY,FALSE,0,Grupo C
SCO-12,ESCOCIA,BILLY GILMOUR,FALSE,0,Grupo C
SCO-13,ESCOCIA,SELECCION NACIONAL DE ESCOCIA,FALSE,0,Grupo C
SCO-14,ESCOCIA,LEWIS FERGUSON,FALSE,0,Grupo C
SCO-15,ESCOCIA,RYAN CHRISTIE,FALSE,0,Grupo C
SCO-16,ESCOCIA,KENNY MCLEAN,FALSE,0,Grupo C
SCO-17,ESCOCIA,JOHN MCGINN,FALSE,0,Grupo C
SCO-18,ESCOCIA,LYNDON DYKES,FALSE,0,Grupo C
SCO-19,ESCOCIA,CHE ADAMS,FALSE,0,Grupo C
SCO-20,ESCOCIA,BEN GANNON-DOAK,FALSE,0,Grupo C
USA-1,ESTADOS UNIDOS,ESCUDO DE ESTADOS UNIDOS,FALSE,0,Grupo D
USA-2,ESTADOS UNIDOS,MATT FREESE,FALSE,0,Grupo D
USA-3,ESTADOS UNIDOS,CHRIS RICHARDS,FALSE,0,Grupo D
USA-4,ESTADOS UNIDOS,TIM REAM,FALSE,0,Grupo D
USA-5,ESTADOS UNIDOS,MARK MCKENZIE,FALSE,0,Grupo D
USA-6,ESTADOS UNIDOS,ALEX FREEMAN,FALSE,0,Grupo D
USA-7,ESTADOS UNIDOS,ANTONEE ROBINSON,FALSE,0,Grupo D
USA-8,ESTADOS UNIDOS,TYLER ADAMS,FALSE,0,Grupo D
USA-9,ESTADOS UNIDOS,TANNER TESSMANN,FALSE,0,Grupo D
USA-10,ESTADOS UNIDOS,WESTON MCKENNIE,FALSE,0,Grupo D
USA-11,ESTADOS UNIDOS,CRISTIAN ROLDAN,FALSE,0,Grupo D
USA-12,ESTADOS UNIDOS,TIMOTHY WEAH,FALSE,0,Grupo D
USA-13,ESTADOS UNIDOS,SELECCION DE FUTBOL DE ESTADOS UNIDOS,FALSE,0,Grupo D
USA-14,ESTADOS UNIDOS,DIEGO LUNA,FALSE,0,Grupo D
USA-15,ESTADOS UNIDOS,MALIK TILLMAN,FALSE,0,Grupo D
USA-16,ESTADOS UNIDOS,CHRISTIAN PULISIC,FALSE,0,Grupo D
USA-17,ESTADOS UNIDOS,BRENDEN AARONSON,FALSE,0,Grupo D
USA-18,ESTADOS UNIDOS,RICARDO PEPI,FALSE,0,Grupo D
USA-19,ESTADOS UNIDOS,HAJI WRIGHT,FALSE,0,Grupo D
USA-20,ESTADOS UNIDOS,FOLARIN BALOGUN,FALSE,0,Grupo D
PAR-1,PARAGUAY,ESCUDO DE PARAGUAY,FALSE,0,Grupo D
PAR-2,PARAGUAY,ROBERTO FERNANDEZ,FALSE,0,Grupo D
PAR-3,PARAGUAY,ORLANDO GILL,FALSE,0,Grupo D
PAR-4,PARAGUAY,GUSTAVO GOMEZ,FALSE,0,Grupo D
PAR-5,PARAGUAY,FABIAN BALBUENA,FALSE,0,Grupo D
PAR-6,PARAGUAY,JUAN JOSE CACERES,FALSE,0,Grupo D
PAR-7,PARAGUAY,OMAR ALDRETE,FALSE,0,Grupo D
PAR-8,PARAGUAY,JUNIOR ALONSO,FALSE,0,Grupo D
PAR-9,PARAGUAY,MATHIAS VILLASANTI,FALSE,0,Grupo D
PAR-10,PARAGUAY,DIEGO GOMEZ,FALSE,0,Grupo D
PAR-11,PARAGUAY,DAMIAN BOBADILLA,FALSE,0,Grupo D
PAR-12,PARAGUAY,ANDRÉS CUBAS,FALSE,0,Grupo D
PAR-13,PARAGUAY,SELECCION DE FUTBOL DE PARAGUAY,FALSE,0,Grupo D
PAR-14,PARAGUAY,MATIAS GALARZA FONDA,FALSE,0,Grupo D
PAR-15,PARAGUAY,JULIO ENCISO,FALSE,0,Grupo D
PAR-16,PARAGUAY,ALEJANDRO ROMERO GAMARRA,FALSE,0,Grupo D
PAR-17,PARAGUAY,MIGUEL ALMIRON,FALSE,0,Grupo D
PAR-18,PARAGUAY,RAMON SOSA,FALSE,0,Grupo D
PAR-19,PARAGUAY,ANGEL ROMERO,FALSE,0,Grupo D
PAR-20,PARAGUAY,ANTONIO SANABRIA,FALSE,0,Grupo D
AUS-1,AUSTRALIA,ESCUDO DE AUSTRALIA,FALSE,0,Grupo D
AUS-2,AUSTRALIA,MATTHEW RYAN,FALSE,0,Grupo D
AUS-3,AUSTRALIA,JOE GAUCI,FALSE,0,Grupo D
AUS-4,AUSTRALIA,HARRY SOUTTAR,FALSE,0,Grupo D
AUS-5,AUSTRALIA,ALESSANDRO CIRCATI,FALSE,0,Grupo D
AUS-6,AUSTRALIA,JORDAN BOS,FALSE,0,Grupo D
AUS-7,AUSTRALIA,AZIZ BEHICH,FALSE,0,Grupo D
AUS-8,AUSTRALIA,CAMERON BURGESS,FALSE,0,Grupo D
AUS-9,AUSTRALIA,LEWIS MILLER,FALSE,0,Grupo D
AUS-10,AUSTRALIA,MILOS DEGENEK,FALSE,0,Grupo D
AUS-11,AUSTRALIA,JACKSON IRVINE,FALSE,0,Grupo D
AUS-12,AUSTRALIA,RILEY MCGREE,FALSE,0,Grupo D
AUS-13,AUSTRALIA,SELECCION NACIONAL DE AUSTRALIA,FALSE,0,Grupo D
AUS-14,AUSTRALIA,AIDEN O´NEILL,FALSE,0,Grupo D
AUS-15,AUSTRALIA,CONNOR METCALFE,FALSE,0,Grupo D
AUS-16,AUSTRALIA,PATRICK YAZBECK,FALSE,0,Grupo D
AUS-17,AUSTRALIA,CRAIG GOODWIN,FALSE,0,Grupo D
AUS-18,AUSTRALIA,KUSINI VENGI,FALSE,0,Grupo D
AUS-19,AUSTRALIA,NESTORY IRANKUNDA,FALSE,0,Grupo D
AUS-20,AUSTRALIA,MOHAMED TOURE,FALSE,0,Grupo D
TUR-1,TURQUIA,ESCUDO DE TURQUIA,FALSE,0,Grupo D
TUR-2,TURQUIA,UGURCAN CAKIR,FALSE,0,Grupo D
TUR-3,TURQUIA,MERT MULDUR,FALSE,0,Grupo D
TUR-4,TURQUIA,ZEKI CELIK,FALSE,0,Grupo D
TUR-5,TURQUIA,ABDULKERIM BARDAKCI,FALSE,0,Grupo D
TUR-6,TURQUIA,CAGLAR SOYUNCU,FALSE,0,Grupo D
TUR-7,TURQUIA,MERIH DEMIRAL,FALSE,0,Grupo D
TUR-8,TURQUIA,FERDI KADIOGLU,FALSE,0,Grupo D
TUR-9,TURQUIA,KAAN AYHAN,FALSE,0,Grupo D
TUR-10,TURQUIA,ISMAIL YUKSEK,FALSE,0,Grupo D
TUR-11,TURQUIA,HAKAN CALHANOGLU,FALSE,0,Grupo D
TUR-12,TURQUIA,ORKUN KOKCU,FALSE,0,Grupo D
TUR-13,TURQUIA,SELECCION NACIONAL DE TURQUIA,FALSE,0,Grupo D
TUR-14,TURQUIA,ARDA GULER,FALSE,0,Grupo D
TUR-15,TURQUIA,IRFAN CAN KAHVECI,FALSE,0,Grupo D
TUR-16,TURQUIA,YUNUS AKGUN,FALSE,0,Grupo D
TUR-17,TURQUIA,CAN UZUN,FALSE,0,Grupo D
TUR-18,TURQUIA,BARIS ALPER YILMAZ,FALSE,0,Grupo D
TUR-19,TURQUIA,KEREM AKTURKOGLU,FALSE,0,Grupo D
TUR-20,TURQUIA,KENAN YILDIZ,FALSE,0,Grupo D
GER-1,ALEMANIA,ESCUDO DE ALEMANIA,FALSE,0,Grupo E
GER-2,ALEMANIA,MARC-ANDRE TER STEGEN,FALSE,0,Grupo E
GER-3,ALEMANIA,JONATHAN TAH,FALSE,0,Grupo E
GER-4,ALEMANIA,DAIVD RAUM,FALSE,0,Grupo E
GER-5,ALEMANIA,NICO SCHLOTTERBECK,FALSE,0,Grupo E
GER-6,ALEMANIA,ANTONIO RUDIGER,FALSE,0,Grupo E
GER-7,ALEMANIA,WALDEMAR ANTON,FALSE,0,Grupo E
GER-8,ALEMANIA,RIDLE BAKU,FALSE,0,Grupo E
GER-9,ALEMANIA,MAXIMILIAN MITTELSTADT,FALSE,0,Grupo E
GER-10,ALEMANIA,JOSHUA KIMMICH,FALSE,0,Grupo E
GER-11,ALEMANIA,FLORIAN WIRTZ,FALSE,0,Grupo E
GER-12,ALEMANIA,FELIZ NMECHA,FALSE,0,Grupo E
GER-13,ALEMANIA,SELECCION DE FUTBOL DE ALEMANIA,FALSE,0,Grupo E
GER-14,ALEMANIA,LEON GORETZKA,FALSE,0,Grupo E
GER-15,ALEMANIA,JAMAL MUSIALA,FALSE,0,Grupo E
GER-16,ALEMANIA,SERGE GNABRY,FALSE,0,Grupo E
GER-17,ALEMANIA,KAI HAVERTZ,FALSE,0,Grupo E
GER-18,ALEMANIA,LEROY SANE,FALSE,0,Grupo E
GER-19,ALEMANIA,KARIM ADEYEMI,FALSE,0,Grupo E
GER-20,ALEMANIA,NICK WOLTEMADE,FALSE,0,Grupo E
CUW-1,CURAZAO,ESCUDO DE CURAZAO,FALSE,0,Grupo E
CUW-2,CURAZAO,ELOY ROOM,FALSE,0,Grupo E
CUW-3,CURAZAO,ARMANDO OBISPO,FALSE,0,Grupo E
CUW-4,CURAZAO,SHEREL FLORANUS,FALSE,0,Grupo E
CUW-5,CURAZAO,JURIEN GAARI,FALSE,0,Grupo E
CUW-6,CURAZAO,JOSHUA BRENET,FALSE,0,Grupo E
CUW-7,CURAZAO,ROSHON VAN EIJMA,FALSE,0,Grupo E
CUW-8,CURAZAO,SHURANDY SAMBO,FALSE,0,Grupo E
CUW-9,CURAZAO,LIVANO COMENENCIA,FALSE,0,Grupo E
CUW-10,CURAZAO,GODFRIED ROEMERATOE,FALSE,0,Grupo E
CUW-11,CURAZAO,JUNINHO BACUNA,FALSE,0,Grupo E
CUW-12,CURAZAO,LEANDRO BACUNA,FALSE,0,Grupo E
CUW-13,CURAZAO,SELECCION DE FUTBOL DE CURAZAO,FALSE,0,Grupo E
CUW-14,CURAZAO,TAHITH CHONG,FALSE,0,Grupo E
CUW-15,CURAZAO,KENJI GORRE,FALSE,0,Grupo E
CUW-16,CURAZAO,JEARL MARGARITHA,FALSE,0,Grupo E
CUW-17,CURAZAO,JURGEN LOCADIA,FALSE,0,Grupo E
CUW-18,CURAZAO,JEREMY ANTONISSE,FALSE,0,Grupo E
CUW-19,CURAZAO,GERVANE KASTANEER,FALSE,0,Grupo E
CUW-20,CURAZAO,SONTJE HANSEN,FALSE,0,Grupo E
CIV-1,COSTA DE MARFIL,ESCUDO DE COSTA DE MARFIL,FALSE,0,Grupo E
CIV-2,COSTA DE MARFIL,YAHIA FOFANA,FALSE,0,Grupo E
CIV-3,COSTA DE MARFIL,GHISLAIN KONAN,FALSE,0,Grupo E
CIV-4,COSTA DE MARFIL,WILFRIED SINGO,FALSE,0,Grupo E
CIV-5,COSTA DE MARFIL,ODILON KOSSOUNOU,FALSE,0,Grupo E
CIV-6,COSTA DE MARFIL,EVAN NDICKA,FALSE,0,Grupo E
CIV-7,COSTA DE MARFIL,WILLY BOLY,FALSE,0,Grupo E
CIV-8,COSTA DE MARFIL,EMMANUEL AGBADOU,FALSE,0,Grupo E
CIV-9,COSTA DE MARFIL,OUSMANE DOIMANDE,FALSE,0,Grupo E
CIV-10,COSTA DE MARFIL,FRACNK KESSIE,FALSE,0,Grupo E
CIV-11,COSTA DE MARFIL,SEKO FOFANA,FALSE,0,Grupo E
CIV-12,COSTA DE MARFIL,IBAHIM SANGARE,FALSE,0,Grupo E
CIV-13,COSTA DE MARFIL,SELECCION NACIONAL DE COSTA DE MARFIL,FALSE,0,Grupo E
CIV-14,COSTA DE MARFIL,JEAN PHILIPPE GBAMIN,FALSE,0,Grupo E
CIV-15,COSTA DE MARFIL,AMAD DIALLO,FALSE,0,Grupo E
CIV-16,COSTA DE MARFIL,SEBASTIEN HALLER,FALSE,0,Grupo E
CIV-17,COSTA DE MARFIL,SIMON ADINGRA,FALSE,0,Grupo E
CIV-18,COSTA DE MARFIL,YAN DIOMANDE,FALSE,0,Grupo E
CIV-19,COSTA DE MARFIL,EVANN GUESSAND,FALSE,0,Grupo E
CIV-20,COSTA DE MARFIL,OUMAR DIAKITE,FALSE,0,Grupo E
ECU-1,ECUADOR,ESCUDO DE ECUADOR,FALSE,0,Grupo E
ECU-2,ECUADOR,HERNAN GALINDEZ,FALSE,0,Grupo E
ECU-3,ECUADOR,GONZALO VALLE,FALSE,0,Grupo E
ECU-4,ECUADOR,PIERO HINCAPIE,FALSE,0,Grupo E
ECU-5,ECUADOR,PERVIS ESTUPIÑAN,FALSE,0,Grupo E
ECU-6,ECUADOR,WILLIAN PACHO,FALSE,0,Grupo E
ECU-7,ECUADOR,ANGELO PRECIADO,FALSE,0,Grupo E
ECU-8,ECUADOR,JOEL ORDOÑEZ,FALSE,0,Grupo E
ECU-9,ECUADOR,MOISES CAICEDO,FALSE,0,Grupo E
ECU-10,ECUADOR,ALAN FRANCO,FALSE,0,Grupo E
ECU-11,ECUADOR,KENDRY PAEZ,FALSE,0,Grupo E
ECU-12,ECUADOR,PEDRO VITE,FALSE,0,Grupo E
ECU-13,ECUADOR,SELECCION NACIONAL DE ECUADOR,FALSE,0,Grupo E
ECU-14,ECUADOR,JOHN YEBOAH,FALSE,0,Grupo E
ECU-15,ECUADOR,LEONARDO CAMPANA,FALSE,0,Grupo E
ECU-16,ECUADOR,GONZALO PLATA,FALSE,0,Grupo E
ECU-17,ECUADOR,NILSON ANGULO,FALSE,0,Grupo E
ECU-18,ECUADOR,ALAN MINDA,FALSE,0,Grupo E
ECU-19,ECUADOR,KEVIN RODRIGUEZ,FALSE,0,Grupo E
ECU-20,ECUADOR,ENNER VALENCIA,FALSE,0,Grupo E
NED-1,PAISES BAJOS,ESCUDO DE PAISES BAJOS,FALSE,0,Grupo F
NED-2,PAISES BAJOS,BART VERBRUGGEN,FALSE,0,Grupo F
NED-3,PAISES BAJOS,VIRGIL VAN DIJK,FALSE,0,Grupo F
NED-4,PAISES BAJOS,MICKY VAN DE VEN,FALSE,0,Grupo F
NED-5,PAISES BAJOS,JURRIEN TIMBER,FALSE,0,Grupo F
NED-6,PAISES BAJOS,DENZEL DUMFRIES,FALSE,0,Grupo F
NED-7,PAISES BAJOS,NATHAN AKE,FALSE,0,Grupo F
NED-8,PAISES BAJOS,JAREMIE FRIMPONG,FALSE,0,Grupo F
NED-9,PAISES BAJOS,JAN PAUL VAN HECKE,FALSE,0,Grupo F
NED-10,PAISES BAJOS,TIJJANI REIJNDERS,FALSE,0,Grupo F
NED-11,PAISES BAJOS,RYAN GRAVENBERCH,FALSE,0,Grupo F
NED-12,PAISES BAJOS,TEUN KOOPMEINERS,FALSE,0,Grupo F
NED-13,PAISES BAJOS,SELECCION DE FUTBOL DE PAISES BAJOS,FALSE,0,Grupo F
NED-14,PAISES BAJOS,FRENKIE DE JONG,FALSE,0,Grupo F
NED-15,PAISES BAJOS,XAVI SIMMONS,FALSE,0,Grupo F
NED-16,PAISES BAJOS,JUSTIN KLUIVERT,FALSE,0,Grupo F
NED-17,PAISES BAJOS,MEMPHIS DEPAY,FALSE,0,Grupo F
NED-18,PAISES BAJOS,DONYELL MALEN,FALSE,0,Grupo F
NED-19,PAISES BAJOS,WOUT WEGHORST,FALSE,0,Grupo F
NED-20,PAISES BAJOS,CODY GAKPO,FALSE,0,Grupo F
JPN-1,JAPON,ESCUDO DE JAPON,FALSE,0,Grupo F
JPN-2,JAPON,ZION SUZUKI,FALSE,0,Grupo F
JPN-3,JAPON,HENRY HEROKI MOCHIZUKI,FALSE,0,Grupo F
JPN-4,JAPON,AYUMU SEKO,FALSE,0,Grupo F
JPN-5,JAPON,JUNNOSUKE SUZUKI,FALSE,0,Grupo F
JPN-6,JAPON,SHOGO TANIGUCHI,FALSE,0,Grupo F
JPN-7,JAPON,TSUYOSHI WATANABE,FALSE,0,Grupo F
JPN-8,JAPON,KAISHU SANO,FALSE,0,Grupo F
JPN-9,JAPON,YUKI SOMA,FALSE,0,Grupo F
JPN-10,JAPON,AO TANAKA,FALSE,0,Grupo F
JPN-11,JAPON,DAICHI KAMADA,FALSE,0,Grupo F
JPN-12,JAPON,TAKEFUSA KUBO,FALSE,0,Grupo F
JPN-13,JAPON,SELECCION DE FUTBOL DE JAPON,FALSE,0,Grupo F
JPN-14,JAPON,RITSU DOAN,FALSE,0,Grupo F
JPN-15,JAPON,KEITO NAKAMURA,FALSE,0,Grupo F
JPN-16,JAPON,TAKUMI MINAMINO,FALSE,0,Grupo F
JPN-17,JAPON,SHUTO MACHINO,FALSE,0,Grupo F
JPN-18,JAPON,JUNYA ITO,FALSE,0,Grupo F
JPN-19,JAPON,KOKI OGAWA,FALSE,0,Grupo F
JPN-20,JAPON,AYASE UEDA,FALSE,0,Grupo F
SWE-1,SUECIA,ESCUDO DE SUECIA,FALSE,0,Grupo F
SWE-2,SUECIA,VIKTOR JOHANSSON,FALSE,0,Grupo F
SWE-3,SUECIA,ISAK HEIN,FALSE,0,Grupo F
SWE-4,SUECIA,GABRIEL GUDMUNDSSON,FALSE,0,Grupo F
SWE-5,SUECIA,EMIL HOLM,FALSE,0,Grupo F
SWE-6,SUECIA,VICTOR NILSSON LINDELOF,FALSE,0,Grupo F
SWE-7,SUECIA,GUSTAF LAGERBIELKE,FALSE,0,Grupo F
SWE-8,SUECIA,LUCAS BERGVALL,FALSE,0,Grupo F
SWE-9,SUECIA,HUGO LARSSON,FALSE,0,Grupo F
SWE-10,SUECIA,JESPER KARLSTROM,FALSE,0,Grupo F
SWE-11,SUECIA,YASIN AYARI,FALSE,0,Grupo F
SWE-12,SUECIA,MATTIAS SVANBERG,FALSE,0,Grupo F
SWE-13,SUECIA,SELECCION NACIONAL DE SUECIA,FALSE,0,Grupo F
SWE-14,SUECIA,DANIEL SVENSSON,FALSE,0,Grupo F
SWE-15,SUECIA,KEN SEMA,FALSE,0,Grupo F
SWE-16,SUECIA,ROONY BARDGHJI,FALSE,0,Grupo F
SWE-17,SUECIA,DEJAN KULUSEVSKI,FALSE,0,Grupo F
SWE-18,SUECIA,ANTHONY ELANGA,FALSE,0,Grupo F
SWE-19,SUECIA,ALEXANDER ISAK,FALSE,0,Grupo F
SWE-20,SUECIA,VIKTOR GYOKERES,FALSE,0,Grupo F
TUN-1,TUNEZ,ESCUDO DE TUNEZ,FALSE,0,Grupo F
TUN-2,TUNEZ,BECHIR BEN SAID,FALSE,0,Grupo F
TUN-3,TUNEZ,AYMEHN DAHMEN,FALSE,0,Grupo F
TUN-4,TUNEZ,VAN VALERY,FALSE,0,Grupo F
TUN-5,TUNEZ,MONTASSAR TALBI,FALSE,0,Grupo F
TUN-6,TUNEZ,YASSINE MERIAH,FALSE,0,Grupo F
TUN-7,TUNEZ,ALI ABDI,FALSE,0,Grupo F
TUN-8,TUNEZ,DYLAN BRONN,FALSE,0,Grupo F
TUN-9,TUNEZ,ELLYES SKHIRI,FALSE,0,Grupo F
TUN-10,TUNEZ,AISSA LAIDOUNI,FALSE,0,Grupo F
TUN-11,TUNEZ,FERJANI SASSI,FALSE,0,Grupo F
TUN-12,TUNEZ,MIOHAMED ALI BEN ROMDHANE,FALSE,0,Grupo F
TUN-13,TUNEZ,SELECCION NACIONAL DE TUNEZ,FALSE,0,Grupo F
TUN-14,TUNEZ,HANNIBAL MEJBRI,FALSE,0,Grupo F
TUN-15,TUNEZ,ELIAS ACHOURI,FALSE,0,Grupo F
TUN-16,TUNEZ,ELIAS SAAD,FALSE,0,Grupo F
TUN-17,TUNEZ,HAZEM MASTOURI,FALSE,0,Grupo F
TUN-18,TUNEZ,ISMAEL GHARBI,FALSE,0,Grupo F
TUN-19,TUNEZ,SAYFALLAH LTAIEF,FALSE,0,Grupo F
TUN-20,TUNEZ,NAIM SLITTI,FALSE,0,Grupo F
BEL-1,BELGICA,ESCUDO DE BELGICA,FALSE,0,Grupo G
BEL-2,BELGICA,THIBAUT COURTOIS,FALSE,0,Grupo G
BEL-3,BELGICA,ARTHUR THEATE,FALSE,0,Grupo G
BEL-4,BELGICA,TIMOTHY CASTAGNE,FALSE,0,Grupo G
BEL-5,BELGICA,ZENO DEBASR,FALSE,0,Grupo G
BEL-6,BELGICA,BRANDON MECHELE,FALSE,0,Grupo G
BEL-7,BELGICA,MAXIM DE CUYPER,FALSE,0,Grupo G
BEL-8,BELGICA,THOMAS MEUNIER,FALSE,0,Grupo G
BEL-9,BELGICA,YOURI TIELEMANS,FALSE,0,Grupo G
BEL-10,BELGICA,AMADOU ONANA,FALSE,0,Grupo G
BEL-11,BELGICA,NICOLAS RASKIN,FALSE,0,Grupo G
BEL-12,BELGICA,ALEXIS SAELEMAEKERS,FALSE,0,Grupo G
BEL-13,BELGICA,SELECCION DE FUTBOL DE BELGICA,FALSE,0,Grupo G
BEL-14,BELGICA,HANS VANAKEN,FALSE,0,Grupo G
BEL-15,BELGICA,KEVIN DEBRUYNE,FALSE,0,Grupo G
BEL-16,BELGICA,JEREMY DOKU,FALSE,0,Grupo G
BEL-17,BELGICA,CHARLES DE KETELAERE,FALSE,0,Grupo G
BEL-18,BELGICA,LEANDRO TROSSARD,FALSE,0,Grupo G
BEL-19,BELGICA,LIOS OPENDA,FALSE,0,Grupo G
BEL-20,BELGICA,ROMELU LUKAKU,FALSE,0,Grupo G
EGY-1,EGIPTO,ESCUDO DE EGIPTO,FALSE,0,Grupo G
EGY-2,EGIPTO,MOHAMED ELSHENAWY,FALSE,0,Grupo G
EGY-3,EGIPTO,MOHAMED HANY,FALSE,0,Grupo G
EGY-4,EGIPTO,MOHAMED HAMBY,FALSE,0,Grupo G
EGY-5,EGIPTO,YASSER IBRAHIM,FALSE,0,Grupo G
EGY-6,EGIPTO,KHALED SOBHI,FALSE,0,Grupo G
EGY-7,EGIPTO,RAMY RABIA,FALSE,0,Grupo G
EGY-8,EGIPTO,HOSSAM ABDELMAGUID,FALSE,0,Grupo G
EGY-9,EGIPTO,AHMED FATOUH,FALSE,0,Grupo G
EGY-10,EGIPTO,MARWAN ATTIA,FALSE,0,Grupo G
EGY-11,EGIPTO,ZIZO,FALSE,0,Grupo G
EGY-12,EGIPTO,HAMDY FATHY,FALSE,0,Grupo G
EGY-13,EGIPTO,SELECCION DE FUTBOL DE EGIPTO,FALSE,0,Grupo G
EGY-14,EGIPTO,MOHANAD LASHEEN,FALSE,0,Grupo G
EGY-15,EGIPTO,EMAM ASHOUR,FALSE,0,Grupo G
EGY-16,EGIPTO,OSAMA FAISAL,FALSE,0,Grupo G
EGY-17,EGIPTO,MOHAMED SALAH,FALSE,0,Grupo G
EGY-18,EGIPTO,MOSTAFA MOHAMED,FALSE,0,Grupo G
EGY-19,EGIPTO,TREZEGUET,FALSE,0,Grupo G
EGY-20,EGIPTO,OMAR MARMOUSH,FALSE,0,Grupo G
IRN-1,IRAN,ESCUDO DE IRAN,FALSE,0,Grupo G
IRN-2,IRAN,ALIREZA BEIRANVAND,FALSE,0,Grupo G
IRN-3,IRAN,MORTEZA POURALIGANJI,FALSE,0,Grupo G
IRN-4,IRAN,EHSAN HAJSAFI,FALSE,0,Grupo G
IRN-5,IRAN,MILAD MOHAMMADI,FALSE,0,Grupo G
IRN-6,IRAN,SHOJAE KHALILZAEDH,FALSE,0,Grupo G
IRN-7,IRAN,RAMIN REZAEIAN,FALSE,0,Grupo G
IRN-8,IRAN,HOSSEIN KANAANI,FALSE,0,Grupo G
IRN-9,IRAN,SADEGH MOHARRAMI,FALSE,0,Grupo G
IRN-10,IRAN,SALEH HARDANI,FALSE,0,Grupo G
IRN-11,IRAN,SAEED EZTOLAHI,FALSE,0,Grupo G
IRN-12,IRAN,SAMAN GHODDOS,FALSE,0,Grupo G
IRN-13,IRAN,SELECCION NACIONAL DE IRAN,FALSE,0,Grupo G
IRN-14,IRAN,OMID NOORAFKAN,FALSE,0,Grupo G
IRN-15,IRAN,ROOZBEH CHESHMI,FALSE,0,Grupo G
IRN-16,IRAN,MOHAMMAD MOHEBI,FALSE,0,Grupo G
IRN-17,IRAN,SARDAR AZMOUN,FALSE,0,Grupo G
IRN-18,IRAN,MEHDI TAREMI,FALSE,0,Grupo G
IRN-19,IRAN,ALIREZA JAHANBAKHSH,FALSE,0,Grupo G
IRN-20,IRAN,ALI GHOLIZADEH,FALSE,0,Grupo G
NZL-1,NUEVA ZELANDA,ESCUDO DE NUEVA ZELANDA,FALSE,0,Grupo G
NZL-2,NUEVA ZELANDA,MAX CROCOMBE,FALSE,0,Grupo G
NZL-3,NUEVA ZELANDA,ALEX PAULSEN,FALSE,0,Grupo G
NZL-4,NUEVA ZELANDA,MICHAEL BOXALL,FALSE,0,Grupo G
NZL-5,NUEVA ZELANDA,LIBERATO CACACE,FALSE,0,Grupo G
NZL-6,NUEVA ZELANDA,TIM PAYNE,FALSE,0,Grupo G
NZL-7,NUEVA ZELANDA,TYLER BINDON,FALSE,0,Grupo G
NZL-8,NUEVA ZELANDA,FRANCIS DE VRIES,FALSE,0,Grupo G
NZL-9,NUEVA ZELANDA,FINN SURMAN,FALSE,0,Grupo G
NZL-10,NUEVA ZELANDA,JOE BELL,FALSE,0,Grupo G
NZL-11,NUEVA ZELANDA,SARPREET SINGH,FALSE,0,Grupo G
NZL-12,NUEVA ZELANDA,RYAN THOMAS,FALSE,0,Grupo G
NZL-13,NUEVA ZELANDA,SELECCION NACIONAL DE NUEVA ZELANDA,FALSE,0,Grupo G
NZL-14,NUEVA ZELANDA,MATTHEW GARBETT,FALSE,0,Grupo G
NZL-15,NUEVA ZELANDA,MARKO STAMENIC,FALSE,0,Grupo G
NZL-16,NUEVA ZELANDA,BEN OLD,FALSE,0,Grupo G
NZL-17,NUEVA ZELANDA,CHRIS WOOD,FALSE,0,Grupo G
NZL-18,NUEVA ZELANDA,ELIJAH JUST,FALSE,0,Grupo G
NZL-19,NUEVA ZELANDA,CALLUM MCCOWATT,FALSE,0,Grupo G
NZL-20,NUEVA ZELANDA,KOSTA BARBAROUSES,FALSE,0,Grupo G
ESP-1,ESPAÑA,ESCUDO DE ESPAÑA,FALSE,0,Grupo H
ESP-2,ESPAÑA,UNAI SIMON,FALSE,0,Grupo H
ESP-3,ESPAÑA,ROBIN LE NORMAND,FALSE,0,Grupo H
ESP-4,ESPAÑA,AYMERIC LAPORTE,FALSE,0,Grupo H
ESP-5,ESPAÑA,DEAN HUIJSEN,FALSE,0,Grupo H
ESP-6,ESPAÑA,PEDRO PORRO,FALSE,0,Grupo H
ESP-7,ESPAÑA,DANI CARVAJAL,FALSE,0,Grupo H
ESP-8,ESPAÑA,MARC CUCURELLA,FALSE,0,Grupo H
ESP-9,ESPAÑA,MARTIN ZUBIMENDI,FALSE,0,Grupo H
ESP-10,ESPAÑA,RODRI,FALSE,0,Grupo H
ESP-11,ESPAÑA,PEDRI,FALSE,0,Grupo H
ESP-12,ESPAÑA,FABIAN RUIZ,FALSE,0,Grupo H
ESP-13,ESPAÑA,SELECCION DE FUTBOL DE ESPAÑA,FALSE,0,Grupo H
ESP-14,ESPAÑA,MIKEL MERINO,FALSE,0,Grupo H
ESP-15,ESPAÑA,LAMINE YAMAL,FALSE,0,Grupo H
ESP-16,ESPAÑA,DANI OLMO,FALSE,0,Grupo H
ESP-17,ESPAÑA,NICO WILLIAMS,FALSE,0,Grupo H
ESP-18,ESPAÑA,FERRAN TORRES,FALSE,0,Grupo H
ESP-19,ESPAÑA,ALVARO MORATA,FALSE,0,Grupo H
ESP-20,ESPAÑA,MIKEL OYARZABAL,FALSE,0,Grupo H
CPV-1,CABO VERDE,ESCUDO DE CABO VERDE,FALSE,0,Grupo H
CPV-2,CABO VERDE,VOZINHA,FALSE,0,Grupo H
CPV-3,CABO VERDE,LOGAN COSTA,FALSE,0,Grupo H
CPV-4,CABO VERDE,PICO,FALSE,0,Grupo H
CPV-5,CABO VERDE,DINEY,FALSE,0,Grupo H
CPV-6,CABO VERDE,STEVEN MOREIRA,FALSE,0,Grupo H
CPV-7,CABO VERDE,WAGNER PINA,FALSE,0,Grupo H
CPV-8,CABO VERDE,JOAO PAULO,FALSE,0,Grupo H
CPV-9,CABO VERDE,YANNICK SEMEDO,FALSE,0,Grupo H
CPV-10,CABO VERDE,KEVIN PINA,FALSE,0,Grupo H
CPV-11,CABO VERDE,PATRICK ANDRADE,FALSE,0,Grupo H
CPV-12,CABO VERDE,JAMIRO MONTEIRO,FALSE,0,Grupo H
CPV-13,CABO VERDE,SELECCION DE FUTBOL DE CABO VERDE,FALSE,0,Grupo H
CPV-14,CABO VERDE,DEROY DUARTE,FALSE,0,Grupo H
CPV-15,CABO VERDE,GARRY RODRÍGUES,FALSE,0,Grupo H
CPV-16,CABO VERDE,JOVANE CABRAL,FALSE,0,Grupo H
CPV-17,CABO VERDE,RYAN MENDES,FALSE,0,Grupo H
CPV-18,CABO VERDE,DAILON LIVRAMENTO,FALSE,0,Grupo H
CPV-19,CABO VERDE,WILLY SEMEDO,FALSE,0,Grupo H
CPV-20,CABO VERDE,BEBE,FALSE,0,Grupo H
KSA-1,ARABIA SAUDITA,ESCUDO DE ARABIA SAUDITA,FALSE,0,Grupo H
KSA-2,ARABIA SAUDITA,NAWAF ALAQIDI,FALSE,0,Grupo H
KSA-3,ARABIA SAUDITA,ABDULRAHMAN ALSANBI,FALSE,0,Grupo H
KSA-4,ARABIA SAUDITA,SAUD ABDULHAMID,FALSE,0,Grupo H
KSA-5,ARABIA SAUDITA,NAWAF BUWASHL,FALSE,0,Grupo H
KSA-6,ARABIA SAUDITA,JEHAD THIKRI,FALSE,0,Grupo H
KSA-7,ARABIA SAUDITA,MOTEB ALHARBI,FALSE,0,Grupo H
KSA-8,ARABIA SAUDITA,HASSAN ALTAMBAKTI,FALSE,0,Grupo H
KSA-9,ARABIA SAUDITA,MUSAB ALJUWAYR,FALSE,0,Grupo H
KSA-10,ARABIA SAUDITA,ZIYAD ALJOHANI,FALSE,0,Grupo H
KSA-11,ARABIA SAUDITA,ABDULLAH ALKHAIBARI,FALSE,0,Grupo H
KSA-12,ARABIA SAUDITA,NASSER ALDAWSARI,FALSE,0,Grupo H
KSA-13,ARABIA SAUDITA,SELECCION NACIONAL DE ARABIA SAUDITA,FALSE,0,Grupo H
KSA-14,ARABIA SAUDITA,SALEH ABU ALSHAMAT,FALSE,0,Grupo H
KSA-15,ARABIA SAUDITA,MARWAN ALSAHAFI,FALSE,0,Grupo H
KSA-16,ARABIA SAUDITA,SALEM ALDAWSARI,FALSE,0,Grupo H
KSA-17,ARABIA SAUDITA,ABDULRAHMAN ALOBUD,FALSE,0,Grupo H
KSA-18,ARABIA SAUDITA,FERAS ALBRIKAN,FALSE,0,Grupo H
KSA-19,ARABIA SAUDITA,SALEH ALSHEHRI,FALSE,0,Grupo H
KSA-20,ARABIA SAUDITA,ABDULLAH ALHAMDAN,FALSE,0,Grupo H
URU-1,URUGUAY,ESCUDO DE URUGUAY,FALSE,0,Grupo H
URU-2,URUGUAY,SERGIO ROCHET,FALSE,0,Grupo H
URU-3,URUGUAY,SANTIAGO MELE,FALSE,0,Grupo H
URU-4,URUGUAY,RONALD ARAUJO,FALSE,0,Grupo H
URU-5,URUGUAY,JOSE MARIA GIMENEZ,FALSE,0,Grupo H
URU-6,URUGUAY,SEBASTIAN CACERES,FALSE,0,Grupo H
URU-7,URUGUAY,MATHIAS OLIVERA,FALSE,0,Grupo H
URU-8,URUGUAY,GUILLERMO VARELA,FALSE,0,Grupo H
URU-9,URUGUAY,NAHITAN NANDEZ,FALSE,0,Grupo H
URU-10,URUGUAY,FEDERICO VALVERDE,FALSE,0,Grupo H
URU-11,URUGUAY,GIORGIAN DE ARRASCAETA,FALSE,0,Grupo H
URU-12,URUGUAY,RODRIGO BETANCOUR,FALSE,0,Grupo H
URU-13,URUGUAY,SELECCION NACIONAL DE URUGUAY,FALSE,0,Grupo H
URU-14,URUGUAY,MANUEL UGARTE,FALSE,0,Grupo H
URU-15,URUGUAY,NICOLAS DE LA CRUZ,FALSE,0,Grupo H
URU-16,URUGUAY,MAXI ARAUJO,FALSE,0,Grupo H
URU-17,URUGUAY,DARWIN NUÑEZ,FALSE,0,Grupo H
URU-18,URUGUAY,FEDERICO VIÑAS,FALSE,0,Grupo H
URU-19,URUGUAY,RODRIGO AGUIRRE,FALSE,0,Grupo H
URU-20,URUGUAY,FACUNDO PELLISTRI,FALSE,0,Grupo H
FRA-1,FRANCIA,ESCUDO DE FRANCIA,FALSE,0,Grupo I
FRA-2,FRANCIA,MIKE MAIGNAN,FALSE,0,Grupo I
FRA-3,FRANCIA,THEO HERNANDEZ,FALSE,0,Grupo I
FRA-4,FRANCIA,WILLIAM SALIBA,FALSE,0,Grupo I
FRA-5,FRANCIA,JULES KOUNDE,FALSE,0,Grupo I
FRA-6,FRANCIA,IBRAHIMA KONATE,FALSE,0,Grupo I
FRA-7,FRANCIA,DAYOT UPAMECANO,FALSE,0,Grupo I
FRA-8,FRANCIA,LUCAS DIGNE,FALSE,0,Grupo I
FRA-9,FRANCIA,AURELIEN TCHOUAMENI,FALSE,0,Grupo I
FRA-10,FRANCIA,EDUARDO CAMAVINGA,FALSE,0,Grupo I
FRA-11,FRANCIA,MANU KONE,FALSE,0,Grupo I
FRA-12,FRANCIA,ADRIEN RABIOT,FALSE,0,Grupo I
FRA-13,FRANCIA,SELECCION DE FUTBOL DE FRANCIA,FALSE,0,Grupo I
FRA-14,FRANCIA,MICHAEL OLISE,FALSE,0,Grupo I
FRA-15,FRANCIA,OUSMANE DEMBELE,FALSE,0,Grupo I
FRA-16,FRANCIA,BRADLEY BARCOLA,FALSE,0,Grupo I
FRA-17,FRANCIA,DESIRE DOUE,FALSE,0,Grupo I
FRA-18,FRANCIA,KINGSLEY COMAN,FALSE,0,Grupo I
FRA-19,FRANCIA,HUGO EKITIKE,FALSE,0,Grupo I
FRA-20,FRANCIA,KYLIAN MBAPPE,FALSE,0,Grupo I
SEN-1,SENEGAL,ESCUDO DE SENEGAL,FALSE,0,Grupo I
SEN-2,SENEGAL,EDOUARD MENDY,FALSE,0,Grupo I
SEN-3,SENEGAL,YEHVANN DIOUF,FALSE,0,Grupo I
SEN-4,SENEGAL,MOUSSA NIAKHATE,FALSE,0,Grupo I
SEN-5,SENEGAL,ABDOULAYE SECK,FALSE,0,Grupo I
SEN-6,SENEGAL,ISMAIL JAKOBS,FALSE,0,Grupo I
SEN-7,SENEGAL,EL HADJI MALICK DIOUF,FALSE,0,Grupo I
SEN-8,SENEGAL,KALIDOU KOULIBALY,FALSE,0,Grupo I
SEN-9,SENEGAL,IDRISSA GANA GUEYE,FALSE,0,Grupo I
SEN-10,SENEGAL,PAPE MATAR SARR,FALSE,0,Grupo I
SEN-11,SENEGAL,PAPE GUEYE,FALSE,0,Grupo I
SEN-12,SENEGAL,HABIB DIARRA,FALSE,0,Grupo I
SEN-13,SENEGAL,SELECCION DE FUTBOL DE SENEGAL,FALSE,0,Grupo I
SEN-14,SENEGAL,LAMINE CAMARA,FALSE,0,Grupo I
SEN-15,SENEGAL,SADIO MANE,FALSE,0,Grupo I
SEN-16,SENEGAL,ISMAILA SARR,FALSE,0,Grupo I
SEN-17,SENEGAL,BOULAYE DIA,FALSE,0,Grupo I
SEN-18,SENEGAL,ILIMAN NDIAYE,FALSE,0,Grupo I
SEN-19,SENEGAL,NICOLAS JACKSON,FALSE,0,Grupo I
SEN-20,SENEGAL,KREPIN DIATTA,FALSE,0,Grupo I
IRQ-1,IRAK,ESCUDO DE IRAK,FALSE,0,Grupo I
IRQ-2,IRAK,JALAL HASSAN,FALSE,0,Grupo I
IRQ-3,IRAK,REBIN SULAKA,FALSE,0,Grupo I
IRQ-4,IRAK,HUSSEIN ALI,FALSE,0,Grupo I
IRQ-5,IRAK,AKAM HASHEM,FALSE,0,Grupo I
IRQ-6,IRAK,MERCHAS DOSKI,FALSE,0,Grupo I
IRQ-7,IRAK,ZAID TAHSEEN,FALSE,0,Grupo I
IRQ-8,IRAK,MANAF YOUNIS,FALSE,0,Grupo I
IRQ-9,IRAK,ZIDANE IQBAL,FALSE,0,Grupo I
IRQ-10,IRAK,AMIR AL-AMMARI,FALSE,0,Grupo I
IRQ-11,IRAK,IBRAHIM BAYESH,FALSE,0,Grupo I
IRQ-12,IRAK,ALI JASIM,FALSE,0,Grupo I
IRQ-13,IRAK,SELECCION NACIONAL DE IRAK,FALSE,0,Grupo I
IRQ-14,IRAK,YOUSSEF AMYN,FALSE,0,Grupo I
IRQ-15,IRAK,AIMAR SHER,FALSE,0,Grupo I
IRQ-16,IRAK,MARKO FARJI,FALSE,0,Grupo I
IRQ-17,IRAK,OSAMA RASHID,FALSE,0,Grupo I
IRQ-18,IRAK,ALI AL-HAMADI,FALSE,0,Grupo I
IRQ-19,IRAK,AYMEN HUSSEIN,FALSE,0,Grupo I
IRQ-20,IRAK,MOHANAD ALI,FALSE,0,Grupo I
NOR-1,NORUEGA,ESCUDO DE NORUEGA,FALSE,0,Grupo I
NOR-2,NORUEGA,ORJAN NYLAND,FALSE,0,Grupo I
NOR-3,NORUEGA,JULIAN RYERSON,FALSE,0,Grupo I
NOR-4,NORUEGA,LEO OSTIGARD,FALSE,0,Grupo I
NOR-5,NORUEGA,KRISTOFFER VASSBAKK AJER,FALSE,0,Grupo I
NOR-6,NORUEGA,MARCUS HOLMGREN PEDERSEN,FALSE,0,Grupo I
NOR-7,NORUEGA,DAVID MOLLER WOLFE,FALSE,0,Grupo I
NOR-8,NORUEGA,TORBJORN HEGGEM,FALSE,0,Grupo I
NOR-9,NORUEGA,MORTEN THORSBY,FALSE,0,Grupo I
NOR-10,NORUEGA,MARTIN ODEGAARD,FALSE,0,Grupo I
NOR-11,NORUEGA,SANDER BERGE,FALSE,0,Grupo I
NOR-12,NORUEGA,ANDREAS SCHJELDERUP,FALSE,0,Grupo I
NOR-13,NORUEGA,SELECCION NACIONAL DE NORUEGA,FALSE,0,Grupo I
NOR-14,NORUEGA,PATRICK BERG,FALSE,0,Grupo I
NOR-15,NORUEGA,ERLING HAALAND,FALSE,0,Grupo I
NOR-16,NORUEGA,ALEXANDER SORLOTH,FALSE,0,Grupo I
NOR-17,NORUEGA,ARON DONNUM,FALSE,0,Grupo I
NOR-18,NORUEGA,JORGEN STRAND LARSEN,FALSE,0,Grupo I
NOR-19,NORUEGA,ANTONIO NUSA,FALSE,0,Grupo I
NOR-20,NORUEGA,OSCAR BOBB,FALSE,0,Grupo I
ARG-1,ARGENTINA,ESCUDO DE ARGENTINA,FALSE,0,Grupo J
ARG-2,ARGENTINA,EMILIANO MARTINEZ,FALSE,0,Grupo J
ARG-3,ARGENTINA,NAHUEL MOLINA,FALSE,0,Grupo J
ARG-4,ARGENTINA,CRISTIAN ROMERO,FALSE,0,Grupo J
ARG-5,ARGENTINA,NICOLAS OTAMENDI,FALSE,0,Grupo J
ARG-6,ARGENTINA,NICOLAS TAGLIAFICO,FALSE,0,Grupo J
ARG-7,ARGENTINA,LEONARDO BALERDI,FALSE,0,Grupo J
ARG-8,ARGENTINA,ENZO FERNANDEZ,FALSE,0,Grupo J
ARG-9,ARGENTINA,ALEXIS MAC ALLISTER,FALSE,0,Grupo J
ARG-10,ARGENTINA,RODRIGO DE PAUL,FALSE,0,Grupo J
ARG-11,ARGENTINA,EXEQUIEL PALACIOS,FALSE,0,Grupo J
ARG-12,ARGENTINA,LEANDRO PAREDES,FALSE,0,Grupo J
ARG-13,ARGENTINA,SELECCION DE FUTBOL DE ARGENTINA,FALSE,0,Grupo J
ARG-14,ARGENTINA,NICO PAZ,FALSE,0,Grupo J
ARG-15,ARGENTINA,FRANCO MASTANTUONO,FALSE,0,Grupo J
ARG-16,ARGENTINA,NICO GONZALEZ,FALSE,0,Grupo J
ARG-17,ARGENTINA,LIONEL MESSI,FALSE,0,Grupo J
ARG-18,ARGENTINA,LAUTARO MARTINEZ,FALSE,0,Grupo J
ARG-19,ARGENTINA,JULIAN ALVAREZ,FALSE,0,Grupo J
ARG-20,ARGENTINA,GIULIANO SIMEONE,FALSE,0,Grupo J
ALG-1,ALGERIA,ESCUDO DE ALGERIA,FALSE,0,Grupo J
ALG-2,ALGERIA,ALEXIS GUENDOUZ,FALSE,0,Grupo J
ALG-3,ALGERIA,RAMY BENSEBAINI,FALSE,0,Grupo J
ALG-4,ALGERIA,YOUCEF ATAL,FALSE,0,Grupo J
ALG-5,ALGERIA,RAYAN AIT NOURI,FALSE,0,Grupo J
ALG-6,ALGERIA,MOHAMED AMINE TOUGAI,FALSE,0,Grupo J
ALG-7,ALGERIA,AISSA MANDI,FALSE,0,Grupo J
ALG-8,ALGERIA,ISMAEL BENNACER,FALSE,0,Grupo J
ALG-9,ALGERIA,HOUSSEM AOUAR,FALSE,0,Grupo J
ALG-10,ALGERIA,HICHAM BOUDAOUI,FALSE,0,Grupo J
ALG-11,ALGERIA,RAMIZ ZERROUKI,FALSE,0,Grupo J
ALG-12,ALGERIA,NABIL BENTALEB,FALSE,0,Grupo J
ALG-13,ALGERIA,SELECCION DE FUTBOL DE ALGERIA,FALSE,0,Grupo J
ALG-14,ALGERIA,FARES CHAIBI,FALSE,0,Grupo J
ALG-15,ALGERIA,RIYAD MAHREZ,FALSE,0,Grupo J
ALG-16,ALGERIA,SAID BENRAHMA,FALSE,0,Grupo J
ALG-17,ALGERIA,ANIS HADJ MOUSSA,FALSE,0,Grupo J
ALG-18,ALGERIA,AMINE GOUIRI,FALSE,0,Grupo J
ALG-19,ALGERIA,BAGHDAD BOUNEDJAH,FALSE,0,Grupo J
ALG-20,ALGERIA,MOHAMMED AMOURA,FALSE,0,Grupo J
AUT-1,AUSTRIA,ESCUDO DE AUSTRIA,FALSE,0,Grupo J
AUT-2,AUSTRIA,ALEXANDER SCHLAGER,FALSE,0,Grupo J
AUT-3,AUSTRIA,PATRICK PENTZ,FALSE,0,Grupo J
AUT-4,AUSTRIA,DAVID ALABA,FALSE,0,Grupo J
AUT-5,AUSTRIA,KEVIN DANSO,FALSE,0,Grupo J
AUT-6,AUSTRIA,PHILLIP LIENHART,FALSE,0,Grupo J
AUT-7,AUSTRIA,STEFAN POSCH,FALSE,0,Grupo J
AUT-8,AUSTRIA,PHILLIP MWENE,FALSE,0,Grupo J
AUT-9,AUSTRIA,ALEXANDER PRASS,FALSE,0,Grupo J
AUT-10,AUSTRIA,XAVER SCHLAER,FALSE,0,Grupo J
AUT-11,AUSTRIA,MARCEL SABITZER,FALSE,0,Grupo J
AUT-12,AUSTRIA,KONRAD LAIMER,FALSE,0,Grupo J
AUT-13,AUSTRIA,SELECCION NACIONAL DE AUSTRIA,FALSE,0,Grupo J
AUT-14,AUSTRIA,FLORIAN GRILLITSCH,FALSE,0,Grupo J
AUT-15,AUSTRIA,NICOLAS SEIWALD,FALSE,0,Grupo J
AUT-16,AUSTRIA,ROMANO SCHMID,FALSE,0,Grupo J
AUT-17,AUSTRIA,PATRICK WIMMER,FALSE,0,Grupo J
AUT-18,AUSTRIA,CHRISTOPH BAUMGARTNER,FALSE,0,Grupo J
AUT-19,AUSTRIA,MICHAEL GREGORITSCH,FALSE,0,Grupo J
AUT-20,AUSTRIA,MARKO ARNAUTOVIC,FALSE,0,Grupo J
JOR-1,JORDANIA,ESCUDO DE JORDANIA,FALSE,0,Grupo J
JOR-2,JORDANIA,YAZEED ABULAILA,FALSE,0,Grupo J
JOR-3,JORDANIA,IHSAN HADDAD,FALSE,0,Grupo J
JOR-4,JORDANIA,MOHAMMAD ABU HASHISH,FALSE,0,Grupo J
JOR-5,JORDANIA,YAZAN AL-ARAB,FALSE,0,Grupo J
JOR-6,JORDANIA,ABDALLAH NASIB,FALSE,0,Grupo J
JOR-7,JORDANIA,SALLEM OBAID,FALSE,0,Grupo J
JOR-8,JORDANIA,MOHAMMAD ABUALNADI,FALSE,0,Grupo J
JOR-9,JORDANIA,IBRAHIM SAADEH,FALSE,0,Grupo J
JOR-10,JORDANIA,NIZAR AL-RASHDAN,FALSE,0,Grupo J
JOR-11,JORDANIA,NOOR AL-RAWABDEH,FALSE,0,Grupo J
JOR-12,JORDANIA,MOHAMMAD ABU TAHA,FALSE,0,Grupo J
JOR-13,JORDANIA,SELECCION NACIONAL DE JORDANIA,FALSE,0,Grupo J
JOR-14,JORDANIA,AMER JAMOUS,FALSE,0,Grupo J
JOR-15,JORDANIA,MOUSA AL-TAAMARI,FALSE,0,Grupo J
JOR-16,JORDANIA,YAZAN AL-NAIMAT,FALSE,0,Grupo J
JOR-17,JORDANIA,MAHMOUD AL-MARDI,FALSE,0,Grupo J
JOR-18,JORDANIA,ALI OLWAN,FALSE,0,Grupo J
JOR-19,JORDANIA,MOHAMMAD ABU ZRAYQ,FALSE,0,Grupo J
JOR-20,JORDANIA,IBRAHIM SABRA,FALSE,0,Grupo J
POR-1,PORTUGAL,ESCUDO DE PORTUGAL,FALSE,0,Grupo K
POR-2,PORTUGAL,DIOGO COSTA,FALSE,0,Grupo K
POR-3,PORTUGAL,JOSE SA,FALSE,0,Grupo K
POR-4,PORTUGAL,RUBEN DIAS,FALSE,0,Grupo K
POR-5,PORTUGAL,JOAO CANCELO,FALSE,0,Grupo K
POR-6,PORTUGAL,DIOGO DALOT,FALSE,0,Grupo K
POR-7,PORTUGAL,NUNO MENDES,FALSE,0,Grupo K
POR-8,PORTUGAL,GONCALO INACIO,FALSE,0,Grupo K
POR-9,PORTUGAL,BERNARDO SILVA,FALSE,0,Grupo K
POR-10,PORTUGAL,BRUNO FERNANDES,FALSE,0,Grupo K
POR-11,PORTUGAL,RUBEN NEVES,FALSE,0,Grupo K
POR-12,PORTUGAL,VITINHA,FALSE,0,Grupo K
POR-13,PORTUGAL,SELECCION DE FUTBOL DE PORTUGAL,FALSE,0,Grupo K
POR-14,PORTUGAL,RUBEN NEVES,FALSE,0,Grupo K
POR-15,PORTUGAL,CRISTIANO RONALDO,FALSE,0,Grupo K
POR-16,PORTUGAL,FRANCISCO TRINCAO,FALSE,0,Grupo K
POR-17,PORTUGAL,JOAO FELIX,FALSE,0,Grupo K
POR-18,PORTUGAL,GONCALO RAMOS,FALSE,0,Grupo K
POR-19,PORTUGAL,PEDRO NETO,FALSE,0,Grupo K
POR-20,PORTUGAL,RAFAEL LEAO,FALSE,0,Grupo K
CON-1,CONGO,ESCUDO DE CONGO,FALSE,0,Grupo K
CON-2,CONGO,LIONEL MPASI,FALSE,0,Grupo K
CON-3,CONGO,AARON WAN-BISSAKA,FALSE,0,Grupo K
CON-4,CONGO,AXEL TUANZEBE,FALSE,0,Grupo K
CON-5,CONGO,ARTHUR MASUAKU,FALSE,0,Grupo K
CON-6,CONGO,CHANCEL MBEMBA,FALSE,0,Grupo K
CON-7,CONGO,JORIS KAYEMBE,FALSE,0,Grupo K
CON-8,CONGO,CHARLES PICKEL,FALSE,0,Grupo K
CON-9,CONGO,NGAL'AYEL MUKAU,FALSE,0,Grupo K
CON-10,CONGO,EDO KAYEMBE,FALSE,0,Grupo K
CON-11,CONGO,SAMUEL MOUTOUSSAMY,FALSE,0,Grupo K
CON-12,CONGO,NOAH SADIKI,FALSE,0,Grupo K
CON-13,CONGO,SELECCION DE FUTBOL DE CONGO,FALSE,0,Grupo K
CON-14,CONGO,THEO BONGONDA,FALSE,0,Grupo K
CON-15,CONGO,MESCHACK ELIA,FALSE,0,Grupo K
CON-16,CONGO,YOANE WISSA,FALSE,0,Grupo K
CON-17,CONGO,BRIAN CIPENGA,FALSE,0,Grupo K
CON-18,CONGO,FISTON MAYELE,FALSE,0,Grupo K
CON-19,CONGO,CRDRIC BAKAMBU,FALSE,0,Grupo K
CON-20,CONGO,NATHANAEL MBUKU,FALSE,0,Grupo K
UZB-1,UZBEKISTAN,ESCUDO DE UZBEKISTAN,FALSE,0,Grupo K
UZB-2,UZBEKISTAN,UTKIR YUSUPOV,FALSE,0,Grupo K
UZB-3,UZBEKISTAN,FARRUKH SAYFIEV,FALSE,0,Grupo K
UZB-4,UZBEKISTAN,SHERZOO NASRULLAEV,FALSE,0,Grupo K
UZB-5,UZBEKISTAN,UMAR ESHMURODOV,FALSE,0,Grupo K
UZB-6,UZBEKISTAN,HUSNIDDIN ALIQULOV,FALSE,0,Grupo K
UZB-7,UZBEKISTAN,RUSTAM ASHURMATOV,FALSE,0,Grupo K
UZB-8,UZBEKISTAN,KHOJIAKBAR ALIJONOV,FALSE,0,Grupo K
UZB-9,UZBEKISTAN,ABDUKODIR KHUSANOV,FALSE,0,Grupo K
UZB-10,UZBEKISTAN,ODILJON HAMROBEKOV,FALSE,0,Grupo K
UZB-11,UZBEKISTAN,OTABEK SHUKUROV,FALSE,0,Grupo K
UZB-12,UZBEKISTAN,JAMSHID ISKANDEROV,FALSE,0,Grupo K
UZB-13,UZBEKISTAN,SELECCION NACIONAL DE UZBEKISTAN,FALSE,0,Grupo K
UZB-14,UZBEKISTAN,AZIZBEK TURGUNBOEV,FALSE,0,Grupo K
UZB-15,UZBEKISTAN,KHOJIMAT ERKINOV,FALSE,0,Grupo K
UZB-16,UZBEKISTAN,ELDOR SHOMURODOV,FALSE,0,Grupo K
UZB-17,UZBEKISTAN,OSTON URUNOV,FALSE,0,Grupo K
UZB-18,UZBEKISTAN,JALOLIDDIN MASHARIPOV,FALSE,0,Grupo K
UZB-19,UZBEKISTAN,IGOR SERGEEV,FALSE,0,Grupo K
UZB-20,UZBEKISTAN,ABBOSBEK FAYZULLAEV,FALSE,0,Grupo K
COL-1,COLOMBIA,ESCUDO DE COLOMBIA,FALSE,0,Grupo K
COL-2,COLOMBIA,CAMILO VARGAS,FALSE,0,Grupo K
COL-3,COLOMBIA,DAVID OSPINA,FALSE,0,Grupo K
COL-4,COLOMBIA,DAVINSON SANCHEZ,FALSE,0,Grupo K
COL-5,COLOMBIA,YERRY MINA,FALSE,0,Grupo K
COL-6,COLOMBIA,DANIEL MUÑOZ,FALSE,0,Grupo K
COL-7,COLOMBIA,JOHAN MOJICA,FALSE,0,Grupo K
COL-8,COLOMBIA,JHON LUCUMI,FALSE,0,Grupo K
COL-9,COLOMBIA,SANTIAGO ARIAS,FALSE,0,Grupo K
COL-10,COLOMBIA,JEFFERSON LERMA,FALSE,0,Grupo K
COL-11,COLOMBIA,KEVIN CASTAÑO,FALSE,0,Grupo K
COL-12,COLOMBIA,RICHARD RIOS,FALSE,0,Grupo K
COL-13,COLOMBIA,SELECCION NACIONAL DE COLOMBIA,FALSE,0,Grupo K
COL-14,COLOMBIA,JAMES RODRIGUEZ,FALSE,0,Grupo K
COL-15,COLOMBIA,JUAN FERNANDO QUINTERO,FALSE,0,Grupo K
COL-16,COLOMBIA,JORGE CARRASCAL,FALSE,0,Grupo K
COL-17,COLOMBIA,JHON ARIAS,FALSE,0,Grupo K
COL-18,COLOMBIA,JHON CORDOBA,FALSE,0,Grupo K
COL-19,COLOMBIA,LUIS SUAREZ,FALSE,0,Grupo K
COL-20,COLOMBIA,LUIS DIAZ,FALSE,0,Grupo K
ENG-1,INGLATERRA,ESCUDO DE INGLATERRA,FALSE,0,Grupo L
ENG-2,INGLATERRA,JORDAN PICKFORD,FALSE,0,Grupo L
ENG-3,INGLATERRA,JOHN STONES,FALSE,0,Grupo L
ENG-4,INGLATERRA,MARC GUEHI,FALSE,0,Grupo L
ENG-5,INGLATERRA,EZRI KONSA,FALSE,0,Grupo L
ENG-6,INGLATERRA,TRENT ALEXANDER-ARNOLD,FALSE,0,Grupo L
ENG-7,INGLATERRA,REECE JAMES,FALSE,0,Grupo L
ENG-8,INGLATERRA,DAN BURN,FALSE,0,Grupo L
ENG-9,INGLATERRA,JORDAN HENDERSON,FALSE,0,Grupo L
ENG-10,INGLATERRA,DECLAN RICE,FALSE,0,Grupo L
ENG-11,INGLATERRA,JUDE BELLINGHAM,FALSE,0,Grupo L
ENG-12,INGLATERRA,COLE PALMER,FALSE,0,Grupo L
ENG-13,INGLATERRA,SELECCION DE FUTBOL DE INGLATERRA,FALSE,0,Grupo L
ENG-14,INGLATERRA,MORGAN ROGERS,FALSE,0,Grupo L
ENG-15,INGLATERRA,ANTHONY GORDON,FALSE,0,Grupo L
ENG-16,INGLATERRA,PHIL FODEN,FALSE,0,Grupo L
ENG-17,INGLATERRA,BUKAYO SAKA,FALSE,0,Grupo L
ENG-18,INGLATERRA,HARRY KANE,FALSE,0,Grupo L
ENG-19,INGLATERRA,MARCUS RASHFORD,FALSE,0,Grupo L
ENG-20,INGLATERRA,OLLIE WATKINS,FALSE,0,Grupo L
CRO-1,CROACIA,ESCUDO DE CROACIA,FALSE,0,Grupo L
CRO-2,CROACIA,DOMINIC LIVAKOVIC,FALSE,0,Grupo L
CRO-3,CROACIA,DUJE CALETA-CAR,FALSE,0,Grupo L
CRO-4,CROACIA,JOSKO GVARDIOL,FALSE,0,Grupo L
CRO-5,CROACIA,JOSIP STANISIC,FALSE,0,Grupo L
CRO-6,CROACIA,LUKA VUSKOVIC,FALSE,0,Grupo L
CRO-7,CROACIA,JOSIP SUTALO,FALSE,0,Grupo L
CRO-8,CROACIA,KRISTIAN JAKIC,FALSE,0,Grupo L
CRO-9,CROACIA,LUKA MODRIC,FALSE,0,Grupo L
CRO-10,CROACIA,MATO KOVACIC,FALSE,0,Grupo L
CRO-11,CROACIA,MARTIN BATURINA,FALSE,0,Grupo L
CRO-12,CROACIA,LOVRO MAJER,FALSE,0,Grupo L
CRO-13,CROACIA,SELECCION DE FUTBOL DE CROACIA,FALSE,0,Grupo L
CRO-14,CROACIA,MARIO PASALIC,FALSE,0,Grupo L
CRO-15,CROACIA,PETAR SUCIC,FALSE,0,Grupo L
CRO-16,CROACIA,IVAN PERISIC,FALSE,0,Grupo L
CRO-17,CROACIA,MARCO PASALIC,FALSE,0,Grupo L
CRO-18,CROACIA,ANTE BUDIMIR,FALSE,0,Grupo L
CRO-19,CROACIA,ANDREJ KRAMARIC,FALSE,0,Grupo L
CRO-20,CROACIA,FRANJO IVANOVIC,FALSE,0,Grupo L
GHA-1,GHANA,ESCUDO DE GHANA,FALSE,0,Grupo L
GHA-2,GHANA,LAWRENCE ATI ZIGI,FALSE,0,Grupo L
GHA-3,GHANA,TARIQ LAMPTEY,FALSE,0,Grupo L
GHA-4,GHANA,MOHAMMED SALISU,FALSE,0,Grupo L
GHA-5,GHANA,ALIDU SEIDU,FALSE,0,Grupo L
GHA-6,GHANA,ALEXANDER DJIKU,FALSE,0,Grupo L
GHA-7,GHANA,GIDEON MENSAH,FALSE,0,Grupo L
GHA-8,GHANA,CALEB YIRENKYI,FALSE,0,Grupo L
GHA-9,GHANA,ABDUL ISSAHAKU FATAWU,FALSE,0,Grupo L
GHA-10,GHANA,THOMAS PARTEY,FALSE,0,Grupo L
GHA-11,GHANA,SALIS ABDUL SAMED,FALSE,0,Grupo L
GHA-12,GHANA,KAMALDEEN SULEMANA,FALSE,0,Grupo L
GHA-13,GHANA,SELECCION NACIONAL DE GHANA,FALSE,0,Grupo L
GHA-14,GHANA,MOHAMMED KUDUS,FALSE,0,Grupo L
GHA-15,GHANA,IÑAKI WILLIAMS,FALSE,0,Grupo L
GHA-16,GHANA,JORDAN AYEW,FALSE,0,Grupo L
GHA-17,GHANA,ANDRE AYEW,FALSE,0,Grupo L
GHA-18,GHANA,JOSEPH PAINTSIL,FALSE,0,Grupo L
GHA-19,GHANA,OSMAN BUKARI,FALSE,0,Grupo L
GHA-20,GHANA,ANTOINE SEMENYO,FALSE,0,Grupo L
PAN-1,PANAMA,ESCUDO DE PANAMA,FALSE,0,Grupo L
PAN-2,PANAMA,ORLANDO MOSQUERA,FALSE,0,Grupo L
PAN-3,PANAMA,LUIS MEJIA,FALSE,0,Grupo L
PAN-4,PANAMA,FIDEL ESCOBAR,FALSE,0,Grupo L
PAN-5,PANAMA,ANDRES ANDRADE,FALSE,0,Grupo L
PAN-6,PANAMA,MICHAEL AMIR MURILLO,FALSE,0,Grupo L
PAN-7,PANAMA,ERIC DAVIS,FALSE,0,Grupo L
PAN-8,PANAMA,JOSE CORDOBA,FALSE,0,Grupo L
PAN-9,PANAMA,CESAR BLACKMAN,FALSE,0,Grupo L
PAN-10,PANAMA,CRISTIAN MARTINEZ,FALSE,0,Grupo L
PAN-11,PANAMA,ANIBAL GODOY,FALSE,0,Grupo L
PAN-12,PANAMA,ADALBERTO CARRASQUILLA,FALSE,0,Grupo L
PAN-13,PANAMA,SELECCION NACIONAL DE PANAMA,FALSE,0,Grupo L
PAN-14,PANAMA,EDGAR BARCENAS,FALSE,0,Grupo L
PAN-15,PANAMA,CARLOS HARVEY,FALSE,0,Grupo L
PAN-16,PANAMA,ISMAEL DIAZ,FALSE,0,Grupo L
PAN-17,PANAMA,JOSE FAJARDO,FALSE,0,Grupo L
PAN-18,PANAMA,CECILIO WATERMAN,FALSE,0,Grupo L
PAN-19,PANAMA,JOSE LUIS RODRIGUEZ,FALSE,0,Grupo L
PAN-20,PANAMA,ALBERTO QUINTERO,FALSE,0,Grupo L